3912915884,xNAYYYF
3912915884,Rheygl
3912915884,Xbot__One
3912915884,DeanS3381
3912915884,WhoAteAllTheCake
3912896465,xNAYYYF
3912896465,Xbot__One
3912896465,DeanS3381
3912896465,bob_haggis
3912896465,Rheygl
3912874280,Rheygl
3912874280,DeanS3381
3912874280,AbuFurreira
3912874280,Bennyisbackagain
3912874280,Xbot__One
3912835354,Rheygl
3912835354,DeanS3381
3912835354,YasBrub
3912835354,Xbot__One
3912835354,ivAzure
3912835354,Sailor-AMI-Moon
3912791416,Rheygl
3912791416,DeanS3381
3912791416,xNAYYYF
3912791416,therussiancart
3912791416,Xbot__One
3912756945,Rheygl
3912756945,DeanS3381
3912756945,xNAYYYF
3912756945,Xbot__One
3912756945,dubistdochdicht
3910164401,SomethingWittyEh
3910164401,Xbot__One
3910164401,xxnucluerxx
3910164401,Skywalker91833
3910164401,Puggypug420
3910128001,nabildollarbill
3910128001,Xbot__One
3910128001,SomethingWittyEh
3910128001,iFreayja
3910128001,TehDerpyPiggyTTV
3910097707,SomethingWittyEh
3910097707,Xbot__One
3910097707,Ahkelion
3910097707,Dabh135
3910097707,PauAckerman
3909192222,Trinizeep
3909192222,M07MD_K
3909192222,DeanS3381
3909192222,Dude_man_458
3909192222,onyx-s3
3909148386,EvolutionSapte
3909148386,DeanS3381
3909148386,zbrochu
3909148386,lachmaty
3909148386,Nevsvik
3909148386,eNaTaNe
3909120940,R1ckR0ck27
3909120940,jvck__x
3909120940,jgreendandy
3909120940,DeanS3381
3909120940,SirLantus
3909076936,gjeroniemo
3909076936,LiamH_2001
3909076936,lior2011011
3909076936,DeanS3381
3909076936,TheLcal95
3909035950,ExplosiveBagel-
3909035950,adoy1
3909035950,lior2011011
3909035950,DeanS3381
3909035950,R1ckR0ck27
3908989935,steviechowmain
3908989935,adoy1
3908989935,DeanS3381
3908989935,lior2011011
3908989935,mrmanuela
3908952415,DeanS3381
3908952415,lior2011011
3908952415,adoy1
3908952415,Prizrak37
3908952415,klone65
3908906589,lior2011011
3908906589,Rheygl
3908906589,CoHs_OnFire
3908906589,MAJB17042004
3908906589,Max_SSMG
3908864248,Xbot__One
3908864248,Rheygl
3908864248,SHADIC__SOUL
3908864248,itsGriffX
3908864248,Raxio_57120
3908864248,Chunkie62
3908817875,Rheygl
3908817875,Xbot__One
3908817875,kapyhervy
3908817875,itsGriffX
3908817875,JeroenToet82
3908774452,Rheygl
3908774452,Xbot__One
3908774452,Chyfs_NL
3908774452,aplaza001
3908774452,The_Altwex
3908774452,LibreMinds
3908736590,Rheygl
3908736590,PhoenixFury_17
3908736590,LibreMinds
3908736590,Xbot__One
3908736590,Jonnhox89
3908736590,BeardedFury17
3908689739,Rheygl
3908689739,thenerd10024
3908689739,LibreMinds
3908689739,BRDEVA
3908689739,Xbot__One
3903624038,timba3000
3903624038,BelgianGG_
3903624038,Winkle_Waver10
3903624038,DeanS3381
3903624038,m1k0l2
3903595703,doyker
3903595703,ZOCKER0814
3903595703,m1k0l2
3903595703,DeanS3381
3903595703,BelgianGG_
3903569207,Hassan-Killer90
3903569207,BelgianGG_
3903569207,Supernovaevent
3903569207,DeanS3381
3903569207,abuslayer
3903552163,Lion_NF02
3903552163,viriato343
3903552163,BelgianGG_
3903552163,abuslayer
3903552163,DeanS3381
3903524328,GREENTEG
3903524328,BelgianGG_
3903524328,HUNTERSYARD
3903524328,belogi
3903524328,DeanS3381
3898841710,THE_MINSKI
3898841710,NikeElitest
3898841710,kimtz28
3898841710,CyroXero
3898841710,BlancoDeMexicano
3898841710,CRY0FREEZ
3898806002,SaltyZebra0ne
3898806002,Hentile--
3898806002,kuzuks
3898806002,slil552
3898806002,Ihasa_BangBang
3898782771,L1L_MONST3R11
3898782771,Sworned
3898782771,PWNED-fatboy
3898718634,The__Swagster
3898718634,GetThanosSnapped
3898679860,SxBRYANxS
3898679860,The__Swagster
3898679860,Epsilon-Y7
3898641748,SxBRYANxS
3898641748,blueblader28
3898641748,The__Swagster
3898567365,CodyL_XO
3898567365,Acer1096
3898567365,C0dysDaDDY_XO
3898567365,xEndymionRx
3898567365,Restraiiiiiined
3898567365,CheeseThatSmells
3898528528,iSwearSHEz18
3898528528,SebastianDaBrave
3898528528,GeRmViRuS
3898528528,GRlM1243
3898528528,GhostFlyer63
3895902129,Ultimate1234432
3895902129,tj_fresHH
3895902129,Surly_Drifter
3895902129,A_R-LIFE
3895902129,Jaegers_1405
3895869754,farxsparkle
3895869754,Dutchguy_
3895869754,Ultimate1234432
3895869754,jaykp2
3895869754,Dope-_-District
3895834212,Dutchguy_
3895834212,Ultimate1234432
3895834212,Paco_Tango
3895834212,Warwolf1109
3895834212,GamerGretch99
3895799389,Dutchguy_
3895799389,grizzly30-99
3895799389,Thornbzkg
3895799389,Pyros133
3895799389,KNightRIDA187
3895799389,Ultimate1234432
3895767586,Ultimate1234432
3895767586,Dutchguy_
3895767586,jededias228
3895767586,JaylisJayP
3895767586,Pyros133
3895732911,Ultimate1234432
3895732911,Dutchguy_
3895732911,Black-Whatwhat
3895732911,KNightRIDA187
3895732911,cachorro27
3880926596,firmas75
3880926596,SugondeseTY
3880926596,Misted_MoonLight
3880926596,l-lJOSUEl-l
3880926596,Southern_Abyss
3874644226,BUSBROWN
3874644226,kodiak252
3874644226,xMissTakex
3871463081,prpain17
3871463081,JamesxAndresx
3871463081,shakenbake1059
3871412056,CptFishButBetter
3871412056,XxTENNISBEASTxX
3871412056,shakenbake1059
3871375726,OfficerKnight
3871375726,stone4487
3871375726,shakenbake1059
3871331283,Xidilos
3871331283,shakenbake1059
3871331283,hunterm6502
3860635176,Ultimate1234432
3860635176,Berzerk_Rex
3860635176,j01nt_fyr3
3860635176,JTMoneyShot2010
3860635176,HoMbReLoBo001
3860584144,GoDiegoGoKill
3860584144,Ultimate1234432
3860584144,j01nt_fyr3
3860584144,Flying_Tacoz_25
3860584144,TheElement018
3860584144,Asilvassy
3860584144,ilovebacon2400r
3860584144,Galago36
3860534654,LiquidAlethea
3860534654,j01nt_fyr3
3860534654,dchoi41
3860534654,ROBLEX69
3860534654,Ultimate1234432
3860484299,VerySmaII
3860484299,j01nt_fyr3
3860484299,Ultimate1234432
3860484299,jshap03
3860484299,IZZABELLtheDOG
3860437079,j01nt_fyr3
3860437079,Ultimate1234432
3860437079,shem3579
3860406119,ShadowSLASH5390
3860406119,Myuto_KID
3860406119,j01nt_fyr3
3860406119,Ultimate1234432
3860406119,shem3579
3860312359,SHES2_UNIQUE
3860312359,BringM3Th3Shaw
3860312359,ItsBrxzy
3860312359,stoney_BLU22
3860312359,notoriusthug921
3860266217,ILyncher
3860266217,Nailz_X
3860266217,Mothman1515
3860266217,yourdailydose
3860266217,Ceguey
3860266217,TheMonkayKing
3859510272,mostdopekurama
3859510272,francis575
3859510272,canhox
3859510272,GastlyCalamity67
3859510272,Phoenixking356
3859455969,TurTLE_King8
3859455969,RealSickk_
3859455969,iTzXCaRnAg3X
3859455969,shadowslayer_37
3859455969,crazymofo1133
3859455969,L0b0t1x
3859434016,osoro23
3859434016,LSU-Saint67
3859434016,Balothar182
3859434016,mariska25
3859434016,THEUNCLEAN1
3857916898,SamAnguiano97
3857916898,BaneofHades666
3857916898,Aamir83803
3857916898,EricJK789
3857916898,yuma1245
3857893021,VtH_Logician
3857893021,belderox
3857893021,SpeIlmoney
3857893021,Elihad
3857893021,dread_the_lemur
3857869567,allcrit
3857869567,DaddyFatpockets
3857869567,BedroomGangzta
3857869567,White0ut4211
3857869567,dennlarry
3846989601,EzJakeOven
3846989601,StickDrew
3846989601,T-Rey_Jenkins
3846957865,EzJakeOven
3846957865,StickDrew
3846957865,T-Rey_Jenkins
3846929421,EzJakeOven
3846929421,T-Rey_Jenkins
3846929421,StickDrew
3846890485,EzJakeOven
3846890485,StickDrew
3846890485,T-Rey_Jenkins
3846858095,EzJakeOven
3846858095,StickDrew
3846858095,T-Rey_Jenkins
3846817893,StickDrew
3846817893,T-Rey_Jenkins
3846817893,EzJakeOven
3841691264,KnightofHavik92
3841691264,Im_Imperishable
3841691264,DistanceKiller12
3841691264,jenabrooke
3841691264,Jean_22
3841691264,josethewalrus
3841691264,X-TredaGod-X
3841636548,Ghostlylocust562
3841636548,DREGRUT
3841636548,rad_grandpa
3841636548,fenixdog
3841636548,HornHades8844
3841636548,un-D34Dx
3841636548,landon701361
3841569471,Im-King-LiL-C
3841569471,Don_Testiclis
3841569471,MossBoss44
3841569471,whaas
3841569471,Chill-NatioNLMDJ
3841569471,Ambreezy713
3833786119,ManicSavior
3833786119,Moe_092
3833786119,Mr_Piehow
3833786119,KxJW
3833786119,joelwuj
3825332997,poilaulau
3825332997,xXMagicbirdXx
3825332997,Tcoo88
3825332997,sumbunny
3825332997,CSWhick07
3825315648,x_KnightReaper_x
3825315648,ERICLAPESADIlA
3825315648,xXMagicbirdXx
3825315648,Lady--Roxy
3825315648,CSWhick07
3825315648,nix727777
3824269564,CassiusMerek
3824269564,cheesepleasethx
3824269564,ZGGxFLY
3824269564,TheKingSuba
3824269564,Pancho_SquaD
3824198911,GHeTToEZEKIEL
3824198911,teepak_10
3824198911,SteaLthDragOnZ34
3824166712,JMESUN
3824166712,JJSAUNDERS
3824166712,hubie729
3824120401,CaptainVenom126
3824120401,Pool_Playen_Bob
3824120401,Raybastain
3824080797,onjahsey
3824080797,Cambles7
3824080797,S2K-SN3AKY
3824029843,TrapBoyMarcos
3824029843,IIReCigYII
3824029843,ExSpamsL3
3823578265,NicoD3mux
3823578265,rinnigan-angel
3823578265,andresrico21
3823504822,mahrazah
3823504822,Zarkaiya
3823504822,TiLLDeaTH23
3823460909,DDMelk
3823460909,lukej523
3823460909,Visuleyes
3823410846,WolfSickLover
3823410846,broIasaurusrex
3823410846,phlyry
3820644299,TiffyishSpiffy
3820644299,AnOceanAboveSky
3820644299,BigRush101
3820617198,FROG_3-16
3820617198,RobotCraft2005
3820617198,MocaccinoSamurai
3820594994,JestersAce23
3820594994,SyndicateSeven
3820594994,PrayToGods
3820259409,Jaikale178
3820259409,ccheese_god
3820259409,killer15680
3820212433,Moxieboxes
3820212433,Priftman
3820212433,H-Y-M
3820181982,for_THE_starsXD
3820181982,HEBS89xd2
3820181982,ZzXx-FLo-xXzZ
3820145342,giaman444
3820145342,shakenbake1059
3820145342,dnieman4
3819937111,optimusrick
3819937111,urine_mysights
3819937111,the_king_wc
3805093130,LilNipp
3805093130,OMGimJarhead
3805093130,Ultimate1234432
3805065558,xx_Yungboy_xx
3805065558,Ruthless__REECE
3805065558,Ultimate1234432
3805026605,j01nt_fyr3
3805026605,Ultimate1234432
3805026605,Heimdall12
3805026605,SpiderBoy9645
3805026605,TheLoneKiller19
3804996635,j01nt_fyr3
3804996635,Ultimate1234432
3804996635,SpiderBoy9645
3804996635,TheLoneKiller19
3804996635,shakenbake1059
3804967001,Ultimate1234432
3804967001,shakenbake1059
3804967001,j01nt_fyr3
3804967001,TheLoneKiller19
3804967001,SpiderBoy9645
3804893956,NireusOAK
3804893956,j01nt_fyr3
3804893956,SpiderBoy9645
3804893956,bhmh04
3804893956,StormTrooper950
3804893956,papakungfu
3804843411,SolDiamond
3804843411,Mr_Killer928
3804843411,PrinceofPluto
3804843411,shakenbake1059
3804843411,liaqatforever
3804814230,SolDiamond
3804814230,PrinceofPluto
3804814230,Seol802
3804814230,Mr_Killer928
3804814230,shakenbake1059
3804717483,Face_Reality21
3804717483,SolDiamond
3804717483,FHOLT410
3804691470,SolDiamond
3804691470,WarGamerZ123
3804691470,Pamjioo
3804624210,TakeoffxAstro
3804624210,HandicapedStoner
3804624210,rion1418
3804624210,ID_Swipe
3804624210,milhous3er
3804576786,naro09
3804576786,OGnDaGame
3804576786,CreepingDeathX7
3804576786,JayWills2
3804576786,Kvouth_
3804536233,StallionRx7
3804536233,cErViCaL_sAmUrAi
3804536233,nothinfancy1127
3804536233,RayMuadDib
3804536233,BFM_Cool
3804279313,j01nt_fyr3
3804279313,RhubarbCrumbles
3804279313,Lodo-_-
3804221623,j01nt_fyr3
3804221623,RhubarbCrumbles
3804221623,Lodo-_-
3804175918,j01nt_fyr3
3804175918,RhubarbCrumbles
3804175918,Lodo-_-
3804131371,j01nt_fyr3
3804131371,RhubarbCrumbles
3804131371,Lodo-_-
3804098110,RhubarbCrumbles
3804098110,Lodo-_-
3804098110,j01nt_fyr3
3804098110,motadiogo14
3804098110,CK3i_Mystic
3803426100,kodiak252
3803426100,GreenLantern188
3803426100,manxmangler
3803389512,Puncake57
3803389512,kodiak252
3803389512,manxmangler
3803349497,Eritrean_Snake
3803349497,kodiak252
3803349497,manxmangler
3803314921,Regional97
3803314921,kodiak252
3803314921,borisit000
3803272721,xLiathx
3803272721,kodiak252
3803272721,manxmangler
3803253082,Josue28-10
3803253082,fpce1334
3803253082,XDark_sasukiX
3801913319,VaultLegend101
3801913319,Gordojiro
3801913319,Ultimate1234432
3801873791,Ultimate1234432
3801873791,VaultLegend101
3801873791,Gordojiro
3801820535,VaultLegend101
3801820535,SpiderBoy9645
3801820535,Gordojiro
3801791302,VaultLegend101
3801791302,SpiderBoy9645
3801791302,Gordojiro
3801740124,VaultLegend101
3801740124,SpiderBoy9645
3801740124,Gordojiro
3801213600,TFLO___89
3801213600,Fryve678
3801213600,kodiak252
3801176373,TurlesGamer
3801176373,Fryve678
3801176373,kodiak252
3801129527,SolDiamond
3801129527,Fryve678
3801129527,kodiak252
3801087187,SolDiamond
3801087187,kodiak252
3801087187,Fryve678
3801048112,SolDiamond
3801048112,Fryve678
3800995956,SolDiamond
3800995956,Eddsters259
3800995956,Arthraz1
3800937315,SolDiamond
3800937315,Shaggy_Is_God_
3800937315,reklas
3800871609,DetrimentalDream
3800871609,UwUforYou
3800871609,Goonies2235
3800822542,xLodoN
3800822542,RhubarbCrumbles
3800822542,D-Gecko
3800822542,FlyingFlipFlop_
3800822542,Purpledragon707
3800780912,RhubarbCrumbles
3800780912,Enrico_2899
3800780912,lofio13
3800780912,xLodoN
3800780912,D-Gecko
3800753036,xLodoN
3800753036,RhubarbCrumbles
3800753036,D-Gecko
3800753036,lofio13
3800753036,Enrico_2899
3800716980,MateoBarba
3800716980,Crazy_Slash13
3800716980,Little_Cesar20
3800716980,Thebear4lyfe
3800716980,MangoSprout69
3798372020,Undergrace
3798372020,shakenbake1059
3798372020,LIGHT-SPEED777
3798372020,Ultimate1234432
3798372020,j01nt_fyr3
3798329766,LIGHT-SPEED777
3798329766,j01nt_fyr3
3798329766,shakenbake1059
3798329766,TheLoneKiller19
3798329766,Ultimate1234432
3798289678,LIGHT-SPEED777
3798289678,Ultimate1234432
3798289678,j01nt_fyr3
3798289678,shakenbake1059
3798289678,TheLoneKiller19
3798249776,j01nt_fyr3
3798249776,LIGHT-SPEED777
3798249776,TheLoneKiller19
3798249776,shakenbake1059
3798249776,Ultimate1234432
3798199034,Ultimate1234432
3798199034,j01nt_fyr3
3798199034,LIGHT-SPEED777
3798199034,MoreCfr
3798199034,shakenbake1059
3798158152,j01nt_fyr3
3798158152,LIGHT-SPEED777
3798158152,Kid_Picasso
3798158152,Ultimate1234432
3798158152,notreal79
3798116222,j01nt_fyr3
3798116222,Ultimate1234432
3798116222,LIGHT-SPEED777
3798116222,notreal79
3798116222,jsmoove1987
3798050493,LIGHT-SPEED777
3798050493,prototype7913
3798050493,j01nt_fyr3
3798050493,Shad_x_Sam
3798050493,notreal79
3798015002,LIGHT-SPEED777
3798015002,prototype7913
3798015002,j01nt_fyr3
3798015002,notreal79
3798015002,BigDkRick12
3797963212,LupenTheGreat
3797963212,LIGHT-SPEED777
3797963212,Iesbin
3797963212,j01nt_fyr3
3797963212,notreal79
3797894985,shakenbake1059
3797894985,j01nt_fyr3
3797894985,FearTheStateFarm
3797894985,ja295cob
3797894985,notreal79
3797855696,shakenbake1059
3797855696,j01nt_fyr3
3797855696,FerociousOxide
3797855696,KIL2332
3797855696,notreal79
3797833221,BreezyNoodles
3797833221,shakenbake1059
3797833221,Pizza_The_Hut33
3797833221,j01nt_fyr3
3797833221,notreal79
3797787679,j01nt_fyr3
3797787679,FerociousOxide
3797787679,Kilo13M
3797787679,notreal79
3797787679,shakenbake1059
3797736459,j01nt_fyr3
3797736459,BaneOfKells
3797736459,notreal79
3797736459,shakenbake1059
3797736459,Anator10
3797715758,j01nt_fyr3
3797715758,hafchinee
3797715758,dwmst2
3797715758,notreal79
3797715758,shakenbake1059
3797679606,j01nt_fyr3
3797679606,Pride_S_94
3797679606,TrickinTenders
3797679606,SHOT-iN-uR-FACE
3797679606,shakenbake1059
3797439745,DeadMau5e
3797439745,Toasty_Tobasco
3797439745,Dioxyd
3797387839,Dioxyd
3797387839,DeadMau5e
3797387839,Toasty_Tobasco
3797335393,Dioxyd
3797335393,DeadMau5e
3797335393,Toasty_Tobasco
3797250360,Dioxyd
3797250360,DeadMau5e
3797250360,Toasty_Tobasco
3797225514,Dioxyd
3797225514,DeadMau5e
3797225514,Toasty_Tobasco
3797154136,Dioxyd
3797154136,DeadMau5e
3797154136,Toasty_Tobasco
3772055020,xLodoN
3772055020,SsGTRsS
3772055020,Emil-i-am83
3771998230,xLodoN
3771998230,PLAY_PENN
3771998230,Mobbsie_
3771998230,Nitr0genics-
3771998230,G-the-immortal
3771958238,xLodoN
3771958238,DeepwaterSword
3771958238,Rossi_Tron91
3771958238,Gravythunder67
3771958238,savio810
3771695380,AhamRhubarb
3771695380,FlyingFlipFlop_
3771695380,Lodo-_-
3771642159,FlyingFlipFlop_
3771642159,AhamRhubarb
3771642159,Lodo-_-
3771574633,FlyingFlipFlop_
3771574633,AhamRhubarb
3771574633,Lodo-_-
3771516437,Synyster_Eyes
3771516437,falconSoccer04
3771516437,SpicyChickNugget
3771457242,Synyster_Eyes
3771457242,falconSoccer04
3771457242,SpicyChickNugget
3771417284,Synyster_Eyes
3771417284,falconSoccer04
3771417284,SpicyChickNugget
3771368519,Synyster_Eyes
3771368519,falconSoccer04
3771368519,SpicyChickNugget
3771281933,OTB_BLACK
3771281933,mello09c
3771281933,WhispersBlades
3771281933,katieanderson781
3771281933,SheffLove
3771281933,mcfoolio2
3771281933,lBreezyI
3767916213,Ulrik_the_Fell
3767916213,RAD_03
3767916213,shakenbake1059
3767854469,Ulrik_the_Fell
3767854469,shakenbake1059
3767854469,RAD_03
3767636491,j01nt_fyr3
3767636491,Ever-Mira
3767636491,notreal79
3767581160,j01nt_fyr3
3767581160,notreal79
3767581160,Ever-Mira
3767492748,j01nt_fyr3
3767492748,notreal79
3767492748,Ever-Mira
3767426055,j01nt_fyr3
3767426055,Ever-Mira
3767426055,mikeloudeon
3767358798,Ever-Mira
3767358798,j01nt_fyr3
3767358798,ShadeyUchiha
3767305912,j01nt_fyr3
3767305912,Ever-Mira
3767305912,hayes4201981
3767305912,smoothblack187
3767305912,Bounty_Killax2
3767227277,Ever-Mira
3767227277,j01nt_fyr3
3767227277,killercoastie
3767167495,j01nt_fyr3
3767167495,Ever-Mira
3767167495,killercoastie
3767114489,j01nt_fyr3
3767114489,Ever-Mira
3767114489,killercoastie
3767055366,j01nt_fyr3
3767055366,Ever-Mira
3767055366,killercoastie
3764106558,SKlNpeeler
3764106558,morethandivine
3764106558,DIREGENOCIDE
3764106558,i-Crucifix
3764106558,IIIFearIIl
3764057107,i-Crucifix
3764057107,SKlNpeeler
3764057107,morethandivine
3764057107,IIIFearIIl
3764057107,DIREGENOCIDE
3764011480,Izzy_J03
3764011480,Dr_Jekyll_26
3764011480,chino_romero
3763970692,Thiarrull
3763970692,killerdepano666
3763970692,Lrondam
3763740885,GambitPrimeGod
3763740885,morethandivine
3763740885,i-Crucifix
3763740885,DaKilla2100
3763740885,TAZ-ANTRAX-R994
3762775108,Inflection88
3762775108,DARK_GENS
3762775108,mike_dante123
3762775108,P-Sid
3762775108,Roger000333
3762577727,morethandivine
3762577727,JusNinjah
3762577727,i-Crucifix
3762577727,xLodoN
3762577727,SKlNpeeler
3762540727,morethandivine
3762540727,i-Crucifix
3762540727,xLodoN
3762540727,SKlNpeeler
3762540727,JusNinjah
3762472100,xLodoN
3762472100,morethandivine
3762472100,JusNinjah
3762472100,SKlNpeeler
3762472100,i-Crucifix
3762433875,xLodoN
3762433875,i-Crucifix
3762433875,morethandivine
3762433875,SKlNpeeler
3762433875,JusNinjah
3762401116,i-Crucifix
3762401116,morethandivine
3762401116,SKlNpeeler
3762401116,xLodoN
3762401116,JusNinjah
3759401867,j01nt_fyr3
3759401867,Kurt_Propane
3759401867,Optimus_Gryme24
3759401867,dmg43
3759401867,YeeHawOVADRIVE
3759401867,MisterPotatoHed
3759346576,j01nt_fyr3
3759346576,Kiiborg_
3759346576,ViralKaos
3759346576,MockintGhost680
3759346576,YeeHawOVADRIVE
3759304872,j01nt_fyr3
3759304872,Magliano__
3759304872,Gr3wishKa99
3759304872,YeeHawOVADRIVE
3759304872,ViralKaos
3759049924,j01nt_fyr3
3759049924,wildestmedal
3759049924,LGparents
3759049924,DonDameDaDASH---
3759049924,jaxzer
3759002952,Lordagony
3759002952,j01nt_fyr3
3759002952,sixteenbuttons
3759002952,WalnutHill
3759002952,mestizomedia
3758956685,j01nt_fyr3
3758956685,Jaystardog13
3758956685,Darkstarfalling
3758956685,Drakkath
3758956685,TheParallax
3758892094,mobreaux
3758892094,heartless_yg
3758892094,j01nt_fyr3
3758892094,ljnativewolf
3758892094,TMAK007
3758835859,j01nt_fyr3
3758835859,mobreaux
3758835859,littlerick3291
3758800338,j01nt_fyr3
3758800338,mobreaux
3758800338,gigglebladez
3758646886,xLodoN
3758646886,REALTKWONE
3758646886,j01nt_fyr3
3758646886,GabyZach
3758646886,Gamer_Polo
3758580683,j01nt_fyr3
3758580683,xLodoN
3758580683,Truly_Spoken26
3758580683,topppdog
3758580683,P-Sid
3758530734,xviiiwheeler
3758530734,TacoCart
3758530734,EAGLES1456
3758442380,Willbeg4quarter
3758442380,vickiey10
3758442380,Drebin916
3758373290,ReBel_sOn_13420
3758373290,killer_350
3758373290,crawlspace1
3758258137,Recovering-Robot
3758258137,orlank79bn
3758258137,x5warhero
3737323587,j01nt_fyr3
3737323587,Ultimate1234432
3737323587,shakenbake1059
3737271564,Ultimate1234432
3737271564,j01nt_fyr3
3737271564,shakenbake1059
3737231477,Ultimate1234432
3737231477,j01nt_fyr3
3737231477,shakenbake1059
3737175153,j01nt_fyr3
3737175153,Ultimate1234432
3737175153,shakenbake1059
3737060436,j01nt_fyr3
3737060436,TY-PODz
3737060436,TheFrost_Wolf__
3737060436,Ultimate1234432
3737060436,shakenbake1059
3736990700,TY-PODz
3736990700,j01nt_fyr3
3736990700,TheFrost_Wolf__
3736990700,UncleSiege
3736990700,shakenbake1059
3736937841,TheFrost_Wolf__
3736937841,UniversalTomato
3736937841,shakenbake1059
3736937841,TY-PODz
3736937841,j01nt_fyr3
3736885307,TheFrost_Wolf__
3736885307,TY-PODz
3736885307,shakenbake1059
3736885307,j01nt_fyr3
3736885307,mknicely
3736822316,shakenbake1059
3736822316,j01nt_fyr3
3736822316,TY-PODz
3736822316,TheFrost_Wolf__
3736822316,lhart61
3736753279,j01nt_fyr3
3736753279,cutegothgf
3736753279,MammothFistTTV
3736753279,shakenbake1059
3736753279,TheFrost_Wolf__
3736688810,TheFrost_Wolf__
3736688810,j01nt_fyr3
3736688810,shakenbake1059
3736632621,TheFrost_Wolf__
3736632621,shakenbake1059
3736632621,j01nt_fyr3
3736486398,deibisalaspro
3736486398,jeyper20
3736486398,TaKaNaKaa
3736486398,darkfiendryu
3736486398,Ale_Ek9
3732851688,j01nt_fyr3
3732851688,drnkDanksauce89
3732851688,shakenbake1059
3732792528,j01nt_fyr3
3732792528,theironassassin1
3732792528,shakenbake1059
3732730864,narutodlv
3732730864,PerfectedEnigma
3732730864,j01nt_fyr3
3732730864,shakenbake1059
3732730864,King_Of_UwUs
3732662143,Evolxtionary
3732662143,shakenbake1059
3732662143,j01nt_fyr3
3732662143,Gwater24
3732662143,ProximaDragoon
3707926216,cahowe9
3707926216,j01nt_fyr3
3707926216,VODAROID
3707926216,CEF667W
3707926216,Chesman86
3707926216,Ultimate1234432
3703944356,StickDrew
3703944356,Fryve678
3703944356,T-Rey_Jenkins
3703906032,Fryve678
3703906032,StickDrew
3703906032,T-Rey_Jenkins
3703855878,StickDrew
3703855878,Fryve678
3703855878,T-Rey_Jenkins
3703763250,SnotBueller
3703763250,shakenbake1059
3703763250,jshap03
3703719683,Towelie417
3703719683,ZHARRIS_01
3703719683,shakenbake1059
3703675365,shakenbake1059
3703675365,IDidHW
3703675365,Eazie304
3703625303,AbaddonMystery
3703625303,MrMann1345
3703625303,shakenbake1059
3703570601,GummybeaRazZL
3703570601,GI-Kon
3703570601,KingofHearts219
3703570601,Mumbin
3703570601,mrcrankypants420
3703519647,ArcStaffs
3703519647,FeArLeSsOnE_7
3703519647,Drago_slk
3703519647,SmallPoleEnvy
3703519647,PrimacyXI
3703519647,WYLDEDETH
3703477570,AMugOfJuice
3703477570,GDBagman
3703477570,edorsey_4
3703477570,Swat3420
3703477570,ron64127
3703477570,GODDESS_DERPCOOK
3702909866,HeroicisVenatus
3702909866,ajjhere3600
3702909866,shakenbake1059
3702909866,thakingdom7
3702909866,raptor94k
3661729970,Domino8728
3661729970,Cmoorhead26
3661729970,ninjajoe22
3661729970,SEALTeam0
3661729970,deedot0628
3661692638,KryptekAce
3661692638,dirty_diesel07
3661692638,asahisupafly
3661692638,boringoldguy
3661692638,Deftones_132
3661692638,IncarnateDahlia
3659029155,j01nt_fyr3
3659029155,Ultimate1234432
3659029155,shakenbake1059
3659029155,cdxxv_
3659029155,Dementex215x
3659007031,silversquared
3659007031,j01nt_fyr3
3659007031,Ultimate1234432
3659007031,shakenbake1059
3659007031,ElPadrino915
3659007031,Kuranashi1215
3658970257,j01nt_fyr3
3658970257,Ultimate1234432
3658970257,SKATTRBRA1N
3658970257,shakenbake1059
3658970257,xSlycendice
3658934294,Ultimate1234432
3658934294,j01nt_fyr3
3658934294,xxELOSCUROxx
3658934294,solobenno
3658934294,shakenbake1059
3658908023,j01nt_fyr3
3658908023,kurtis486
3658908023,daniel1150314
3658908023,RixoHadez
3658908023,shakenbake1059
3658879775,RixoHadez
3658879775,daniel1150314
3658879775,shakenbake1059
3658879775,j01nt_fyr3
3658879775,kurtis486
3658310570,PhilosoPhyre
3658310570,BOURKE_668th
3658310570,shakenbake1059
3658310570,Beard_of_Zeus90
3658310570,TBagginns
3871205122,shakenbake1059
3871205122,luckycloud095
3871205122,spot181977
